category,val
a1,34.42668021
a2,19.60166789
a3,7.7019224
