age,cost,source
a1,323.5023041,10.1111/dme.15326
a2,323.5023041,10.1111/dme.15326
a3,323.5023041,10.1111/dme.15326
