,intercept,gradient
a0,0.009720392,-4.67E-06
a1,0.015351222,-7.25E-06
a2,0.096709809,-4.56E-05
a3,0.801561295,-0.000376385
