age,cost,source
a1,451.0580907,10.1111/dme.15326
a2,451.0580907,10.1111/dme.15326
a3,451.0580907,10.1111/dme.15326
