age,avg_age,LYL,exp_no_t2d,exp_t2d,LYL_v2
a1,31.11224978,11.141405,81.35841195,70.21700695,33.88775022
a2,54.28544218,6.217827,82.97424483,76.75641783,10.71455782
a3,75.08468441,2.260561,87.54733204,85.28677104,0
