source,age0,age1,age2,age3
bruegel,0.08167319,0.885031709,0.024189044,0.009106058
ONS,0.1775299,0.708057797,0.095839553,0.018572751
