"time","F0","D0_a1","D1_a1","D2_a1","D0_a2","D1_a2","D2_a2","D0_a3","D1_a3","D2_a3","D_acm","D_e","fC_o_D1_a1","fC_o_D2_a1","fC_o_D1_a2","fC_o_D2_a2","fC_o_D1_a3","fC_o_D2_a3","fC_Mi_D1_a1","fC_Mi_D2_a1","fC_Mi_D1_a2","fC_Mi_D2_a2","fC_Mi_D1_a3","fC_Mi_D2_a3","fC_Ma_D1_a1","fC_Ma_D2_a1","fC_Ma_D1_a2","fC_Ma_D2_a2","fC_Ma_D1_a3","fC_Ma_D2_a3"
2024,14036928.2944487,23656782.7365528,187045.924256164,248801.719821051,14868718.2894982,562746.201672495,966932.852696899,11639010.9269335,624360.118222183,1630195.34288936,4997289.80787663,222066.147970853,45394.9210531656,50379.4137765317,136074.129580018,187080.295035767,144471.987877598,318070.852265766,38500.6258018146,26196.5007683062,88280.6758365581,64472.3556140598,61981.2849997994,79697.119822586,26238.950611018,27317.1805791603,102325.466499136,127956.172769581,172826.408033222,352204.315959884
