"time","F0","D0_a1","D1_a1","D2_a1","D0_a2","D1_a2","D2_a2","D0_a3","D1_a3","D2_a3","D_acm","D_e","fC_o_D1_a1","fC_o_D2_a1","fC_o_D1_a2","fC_o_D2_a2","fC_o_D1_a3","fC_o_D2_a3","fC_Mi_D1_a1","fC_Mi_D2_a1","fC_Mi_D1_a2","fC_Mi_D2_a2","fC_Mi_D1_a3","fC_Mi_D2_a3","fC_Ma_D1_a1","fC_Ma_D2_a1","fC_Ma_D1_a2","fC_Ma_D2_a2","fC_Ma_D1_a3","fC_Ma_D2_a3"
2024,14099947.7780277,23664119.0607197,180628.186168457,193411.155229032,15311558.2925934,568014.536012201,675991.81927319,11851619.8784982,650386.523389635,1383568.04678817,4471905.59699702,193186.102570238,41390.2025098697,42787.7860677298,125673.700485071,146477.777441628,134172.103130293,270824.94471129,35104.1187367081,22248.974066458,81533.199939957,50479.7544549962,57562.4346650987,67858.9940444037,23924.1627530218,23200.7796632827,94504.51800425,100185.515495589,160505.043108548,299888.259856055
