"name","val"
"lambda_1_a1",0.00141748509691471
"lambda_2_a1",0.125420805448941
"epsilon_a1",4.99920078441162e-08
"lambda_1_a2",0.00878886889405473
"lambda_2_a2",0.179785545818444
"epsilon_a2",1.9998648087576e-07
"lambda_1_a3",0.0126825722467794
"lambda_2_a3",0.209394474450405
"epsilon_a3",4.99803106517607e-08
