"name","val"
"lambda_1_a1",0.000896013149860575
"lambda_2_a1",0.0627149526450534
"epsilon_a1",0.000137244479048973
"lambda_1_a2",0.00520032356629489
"lambda_2_a2",0.114546175325018
"epsilon_a2",0.0288341227768671
"lambda_1_a3",0.00973820760178003
"lambda_2_a3",0.422856483013537
"epsilon_a3",0.134321012712353
