age,cost,source
a1,7.325698975,10.1111/dme.15326
a2,7.325698975,10.1111/dme.15326
a3,7.325698975,10.1111/dme.15326
